0,,Артикул,Наименование,"РРЦ Wildberries, руб","РРЦ, руб","Кол-во в упаковке, шт","Вес, кг","Объем, м3",Штрихкод
1,,,,,,,,,
2,,, P.I.T.черный,,,,,,
3,,,Аккумуляторный инструмент OnePower,,,,,,
4,,,Аккумуляторы и зарядные устройства,,,,,,
5,,PH20-2.4A,"Зарядное устройство OnePower PH20-2.4A  P.I.T. (6-21В, 52Вт, для всех АКБ системы OnePower)",1000,930,30,0.53,0.001,6926619724363
6,,PH20-4.0,"Аккумулятор OnePower PH20-4.0 P.I.T. (20В, 4Ач, Li-Ion)",3805,3555,20,0.78,0.001,6971810444626
7,,PH20-2.0,"Аккумулятор OnePower PH20-2.0 P.I.T. (20В, 2Ач, Li-Ion)",2305,2150,0,0.53,0.001,6971810444619
8,,PH20-4.0_zip,"Аккумулятор OnePower PH20-4.0 P.I.T. (20В, 4Ач, Li-Ion, zip-пак)",3695,3450,0,0,0,
9,,PH20-3.0A_zip,"Зарядное устройство OnePower PH20-3.0A  P.I.T. (6-21В, 75Вт, для всех АКБ системы OnePower, zip-пак)",0,0,0,0.34,0.001,
10,,PH20-3.0A,"Зарядное устройство OnePower PH20-3.0A  P.I.T. (6-21В, 75Вт, для всех АКБ системы OnePower)",1065,995,30,0.34,0.001,6971810444589
11,,PH20-3.0,"Аккумулятор OnePower PH20-3.0 P.I.T. (20В, 3Ач, Li-Ion)",2720,2540,20,0.78,0.001,6971810444596
12,,,Шлифмашины угловые,,,,,,
13,,PWS20H-125A,"Аккум. бесщет. шлифмаш. PWS20H-125A SOLO (20В, 125мм, Li-Ion, 7000об/мин,коробка)",4945,4620,8,1.72,0.004,6971810444497
14,,PWS20H-125C,"Аккум. угловая шлифмашина PWS20H-125C SOLO (20В, 125мм, Li-Ion, 8500об/мин,коробка)",4495,4200,8,1.92,0.005,6971810444510
15,,PWS20H-125B,"Аккум. бесщет. шлифмаш. PWS20H-125B SOLO (20В, 125мм, Li-Ion, 4500/6500/8000 об/мин, коробка)",5440,5080,8,1.88,0.004,6971810444503
16,,PWS20H-125A_case,"Аккум. бесщет. шлифмаш. PWS20H-125A SOLO CASE (20В, 125мм, Li-Ion, 7000об/мин,кейс)",4650,4345,0,0,0,
17,,PWS20H-125B/1,"Аккум. бесщет. шлифмаш. PWS20H-125B/1 (20В,125мм, 4500/6500/8000об/мин,1акб Li-Ion 4Ач, ЗУ 3А, кейс)",10700,10000,6,0,0,6971810444756
18,,PWS20H-125A/1,"Аккум. бесщет. шлифмаш. PWS20H-125A/1(20В,125мм,7000об/мин,1акб Li-Ion 4Ач, ЗУ 3А, кейс)",10100,9435,4,3.8,0.016,6971810444749
19,,PWS20H-125C/1,"Аккум. угловая шлифмашина PWS20H-125C/1 (20В,125мм, Li-Ion, 8500об/мин, 1акб Li-Ion 4Ач, ЗУ 3А,кейс)",10130,9465,4,4.36,0.016,6971810444763
20,,,Пилы,,,,,,
21,,PKS20H-165A,"Пила циркулярная аккумуляторная PKS20H-165A SOLO (20В,диск 165мм,пропил 52мм, 4300об/мин,коробка)",5665,5290,4,2.92,0.013,6971810444534
22,,PSA20H-115A,"Пила сабельная аккумуляторная PSA20H-115A SOLO (20В,0-2700ход/мин,БЗП,пропил115мм, ход 22мм,коробка)",3890,3635,6,1.84,0.007,6971810444480
23,,PKS20H-165A/1,"Пила циркулярная аккум PKS20H-165A/1 (20В,диск 165мм,пропил 52мм, 4300об/мин, 1АКБLi-Ion 4Ач ЗУ кор)",10005,9350,4,4.04,0.015,6926619700053
24,,PSA20H-115A/1,"Пила сабельная аккум PSA20H-115A/1 (20В,0-2700ход/м,БЗП,пропил115мм, ход 22мм,1АКБLi-ion 2Ач ЗУ кор)",7345,6860,6,2.58,0.006,6926619700046
25,,,Перфораторы,,,,,,
26,,PBH20H-22A,"Аккум. перфоратор бесщеточный PBH20H-22A SOLO (20В,1,5Дж,2-х реж,бур 24мм, sds-plus,коробка)",9795,9150,5,3.06,0.008,6971810444411
27,,PBH20H-16A,"Аккум. перфоратор PBH20H-16A SOLO (20В, 1,2Дж, 2-х реж. макс.бур 16мм, sds-plus, коробка)",4105,3835,8,1.64,0.005,6971810444404
28,,PBH20H-22B/1,"Аккум. перфоратор бесщеточный PBH20H-22B/1 (20В,1,8Дж,3-х реж,бур 22мм,1акб Li-Ion 4Ач, ЗУ 3А,кейс)",14725,13760,3,5,0.017,6926619700022
29,,PBH20H-22B,"Аккум. перфоратор бесщеточный PBH20H-22B SOLO (20В,1,8Дж,3-х реж,бур 22мм, sds-plus,коробка)",8990,8400,5,2.54,0.007,6926619700015
30,,PBH20H-18A/1,"Аккум. перфоратор PBH20H-18A/1 (20В, 1,4Дж, 2-х реж,бур 18мм, sds-plus,1акб Li-Ion 2Ач, ЗУ 3А,кейс)",8660,8090,0,3.64,0.012,6926619700039
31,,PBH20H-18A,"Аккум. перфоратор PBH20H-18A SOLO (20В, 1,4Дж, 2-х реж. макс.бур 18мм, sds-plus, коробка)",5075,4740,8,1.8,0.005,6926619700008
32,,PBH20H-22A/1,"Аккум. перфоратор бесщеточный PBH20H-22A/1 (20В,1.5Дж, 2-х реж,бур 24мм,1акб Li-Ion 4Ач, ЗУ 3А,кейс)",15235,14235,3,5.46,0.018,6971810444671
33,,PBH20H-16A/1,"Аккум. перфоратор PBH20H-16A/1 (20В, 1,2Дж, 2-х реж. бур 20мм, sds-plus, 1акб Li-Ion 2Ач,ЗУ ЗА,кейс)",7210,6735,5,3.28,0.011,6971810444664
34,,,Лобзики,,,,,,
35,,PST20H-80A,"Лобзик аккумуляторный PST20H-80A SOLO (20В, пропил 80мм, 0-2400об/мин, быстрозажимн., коробка)",4760,4445,6,2.24,0.005,6971810444398
36,,PST20H-70A,"Лобзик аккумуляторный PST20H-70A SOLO (20В, пропил 70мм, 0-2400ход/мин, быстрозажимн., коробка)",3965,3705,6,1.86,0.005,6971810444572
37,,PST20H-80A/1,"Лобзик аккумуляторный PST20H-80A/1 (20В,пропил 80мм,0-2400об/мин, БЗП, 1акб Li-Ion 2Ач, ЗУ 3А, кейс)",8740,8165,3,4.44,0.015,6971810444657
38,,PST20H-70A/1,"Лобзик аккумуляторный PST20H-70A/1 (20В,пропил 70мм,0-2400об/мин, БЗП, 1акб Li-Ion 2Ач, ЗУ 3А, кейс)",7860,7345,3,4.08,0.016,6971810444633
39,,,Дрели и гайковерты,,,,,,
40,,PSB20H-13A,"Дрель ударная аккумуляторная PSB20H-13A SOLO (20В, 48Нм, метал патрон 13мм, 2ск,коробка)",3785,3535,8,1.74,0.004,6971810444442
41,,PSB20H-13B,"Дрель ударная бесщеточная аккумуляторная PSB20H-13B SOLO (20В, 75Нм, метал патр13мм, 2ск, коробка)",6165,5760,8,1.88,0.003,6971810444459
42,,PIW20H-300A,"Гайковерт ударный бесщеточный аккум PIW20H-300A SOLO (20В, 300Нм,квадрат 1/2"" и шестигран,коробка)",4910,4585,8,1.28,0.003,6971810444527
43,,PSB20H-10B,"Дрель ударная бесщеточная аккумуляторная PSB20H-10B SOLO (20В, 38Нм, патр10мм, 2ск, коробка)",4340,4055,10,1.26,0.003,6971810444435
44,,PBM20H-10A,"Дрель аккумуляторная PBM20H-10A SOLO (20В, 28Нм, патрон 10 мм, 2ск, коробка)",2505,2340,10,1.2,0.003,6971810444428
45,,PIW20H-300B/1,"Гайковерт ударный бесщеточный аккум PIW20H-300B/1 (20В, 300Нм,квадрат 1/2"" и шестигран,2АЧ,ЗУ,кейс)",6975,6515,0,0,0,
46,,PBM20H-10B/1,"Дрель аккумуляторная PBM20H-10B/1(20В, 30Нм, патрон 10 мм, 2ск,2АЧ,ЗУ,кейс)",0,0,0,0,0,
47,,PSB20H-13C/1,"Дрель бесщет аккумуляторная PSB20H-13C/1 X-DRIVER(20В, 110Нм, мет патрон 13мм, 2ск,кор,2АЧ,ЗУ)",10680,9980,0,0,0,6926619728613
48,,PBM12K-10B/1,"Дрель бесщеточная аккумуляторная PBM12K-10B/1 X-DRIVER (12В,35Нм, патр10 мм, 2ск, АКБ2Ач,ЗУ,кейс)",0,0,0,0,0,
49,,PBM12K-10A,"Дрель аккумуляторная PBM12K-10A X-DRIVER SOLO (12В,25Нм, патр10 мм, 2ск)",0,0,0,0,0,
50,,PBM12K-10A/1,"Дрель аккумуляторная PBM12K-10A/1 X-DRIVER (12В,25Нм, патр10 мм, 2ск, АКБ2Ач,ЗУ,кейс)",0,0,0,1.5,0.001,
51,,PSB20H-13D/1,"Дрель ударная бесщет аккумуляторная PSB20H-13D/1 X-DRIVER (20В,75Нм, патр13мм, 2ск,АКБ 2АЧ,ЗУ, кейс)",10215,9545,0,0,0,6926619728620
52,,PSB20H-10C/1,"Дрель ударная бесщет аккумуляторная PSB20H-10C/1 X-DRIVER (20В,40Нм, патр10 мм, 2ск, АКБ2Ач,ЗУ,кейс)",8190,7650,0,0,0,
53,,PBM20H-10B,"Дрель аккумуляторная PBM20H-10B SOLO (20В, 30Нм, патрон 10 мм, 2ск, коробка)",2305,2150,0,0,0,6926619728378
54,,PIW20H-300B,"Гайковерт ударный бесщеточный аккум PIW20H-300B SOLO (20В, 300Нм,квадрат 1/2"" и шестигран,коробка)",4910,4585,0,0,0,
55,,PSB20H-10C,"Дрель ударная бесщет аккумуляторная PSB20H-10C X-DRIVER SOLO (20В, 40Нм, патрон 10 мм, 2ск, коробка)",4370,4080,0,0,0,6926619728446
56,,PSB20H-13D,"Дрель ударная бесщет аккумуляторная PSB20H-13D X-DRIVER SOLO (20В, 75Нм, мет патрон13мм, 2ск,короб)",5885,5500,0,2.02,0.005,6926619728422
57,,PSB20H-13C,"Дрель ударная бесщет аккумуляторная PSB20H-13C X-DRIVER SOLO (20В, 110Нм, мет патрон 13мм, 2ск,кор)",6655,6215,0,2.28,0.006,6926619728415
58,,PBM20H-10C,"Дрель аккумуляторная PBM20H-10C SOLO (20В, 28Нм, патрон 10 мм, 2ск, коробка)",0,0,0,0,0,
59,,PIW20H-300A/1,"Гайковерт ударный бесщеточный аккум. PIW20H-300A/1 (20В,300Нм,квадр.1/2"",1акб Li-Ion 2Ач,ЗУ 3А,кейс)",9040,8445,5,3.32,0.009,6971810444725
60,,PSB20H-13B/1,"Аккумуляторная ударная дрель PSB20H-13B/1 (20В,75Нм, бесщет дв.мет патр.13 мм, 2ск, 1акб2Ач,ЗУ,кейс)",9525,8900,5,3.76,0.011,6971810444718
61,,PSB20H-13A/1,"Аккумуляторная ударная дрель PSB20H-13A/1 (20В, 48Нм, мет патр. 13 мм, 2ск, 1акб 2Ач, ЗУ 3А,кейс)",7480,6990,5,3.44,0.011,6971810444701
62,,PSB20H-10B/1,"Аккумуляторная ударная дрель PSB20H-10B/1 (20В, 38Нм, бесщет дв. патр.10 мм, 2ск, 1акб 2Ач,ЗУ,кейс)",8000,7475,5,3.52,0.011,6971810444695
63,,PBM20H-10A/1,"Аккумуляторная дрель PBM20H-10A/1 (20В, 28Нм, патр.10 мм, 2ск, 1акб Li-Ion 2Ач, ЗУ 3А, кейс)",5820,5435,5,2.8,0.009,6971810444640
64,,,Садовая техника,,,,,,
65,,PTR20H-250A/1,"Триммер аккумуляторный PTR20H-250A/1 (20В, шир.кош-ия 250, леска 1,6мм, 1АКБ 2Ач, ЗУ) 4 шт",7295,6815,4,3.22,0.02,6971810444022
66,,PLM20H-330A/1,"Газонокосилка аккум. PLM20H-330A/1 (20В, шир кош 330мм, выс. кош 25-75мм, трав 30л. 1АКБ 4Ач, ЗУ1)",17055,15935,0,13,0.095,6971810444015
67,,PLM20H-330B,"Газонокосилка аккум. PLM20H-330B SOLO (20В, шир кош 330мм, выс. кош 25-75мм, трав 30л. без АКБ и ЗУ)",0,0,0,0,0,6926619728545
68,,PLM20H-330B/1,"Газонокосилка аккум. PLM20H-330B/1 (20В, шир кош 330мм, выс. кош 25-75мм, трав 30л. 1АКБ 4Ач, ЗУ)",14425,13480,0,0,0,
69,,PLM20H-380A,"Газонокосилка аккум бесщет PLM20H-380A SOLO (40В(20В+20В), шир кош380мм,6ур кошен(25-75мм),трав 40л)",13475,12590,0,14.28,0.138,
70,,PBO20H-300A,"Воздуходувка аккумуляторная PBO20H-300A SOLO (20 В, произв-ть 2,8 м³/мин, 0-18000 об/мин,)",2910,2715,0,0,0,6926619728279
71,,PHE20H-450A,"Кусторез аккумуляторный PHE20H-450A Solo (20В, 1100 ход/мин, длина ножей 450 мм)",5100,4765,4,2.58,0.03,6926619728248
72,,,Опрыскиватели,,,,,,
73,,PSY20H-15A,"Аккумуляторный опрыскиватель PSY20H-15A (20В, 0,45 МПа, объем резевуара 15 л, насадки в компл.)",6515,6085,0,5.72,0.061,6926619713671
74,,PTR20H-250A,"Триммер аккумуляторный PTR20H-250A SOLO (20В, шир.кош-ия 250, леска 1,6мм)",3775,3525,0,0,0,6926619728583
75,,PKE20H-405A,"Пила цепная аккумуляторная PKE20H-405A Solo (40В (20В+20В), 405мм, упр натяж цепи, автоподача масла)",12100,11305,2,4.6,0.03,6971810444862
76,,,Фрезеры,,,,,,
77,,PER20H-6A,"Аккумуляторный фрезер PER20H-6A SOLO (20В, рег-ка 12000-28000об/мин, патрон 1/4"")",8490,7930,0,0,0,
78,,,Рубанки,,,,,,
79,,PEP20H-82A,"Аккумуляторный бесщеточный рубанок PEP20H-82A SOLO (20В,16000 об/мин, нож 82мм, рег-ка 0-2мм)",8620,8055,0,0,0,6926619727746
80,,,Шлифмашины ленточные,,,,,,
81,,,Шлифмашины ленточные,,,,,,
82,,PBS20H-75B,"Аккумуляторная ленточная шлифмашина PBS20H-75B SOLO (20В, 457х76 мм,120-380м/мин)",7620,7120,0,2.74,0.008,6926619727777
83,,PBS20H-75A,"Аккумуляторная бесщеточная ленточная шлифмашина PBS20H-75A SOLO (20В, 457х76 мм,120-380м/мин)",9215,8610,0,2.64,0.008,6926619727760
84,,,Bluetooth-радио,,,,,,
85,,PJS20H-10A,"Аккумуляторное bluetooth-радио PJS20H-10A SOLO (20В,85.7-108 МГц, 2х10 Вт, USB 2.0, выход: 5В, 2.1А)",4540,4240,0,0,0,6926619728347
86,,PSB20H-13B + PH20-4.0,"Дрель удар. бесщет.аккум. PSB20H-13B SOLO(20В,75Нм,метал. патр13мм)+Аккум.PH20-4.0 (20В, 4Ач,Li-Ion)",0,0,0,0,0,
87,,,Шлифмашины эксцентриковые,,,,,,
88,,PDS20H-125A,"Аккум. эксцентрик. шлифмаш. PDS20H-125A SOLO (20В, 125мм, Li-Ion, 6000-11000об/мин,коробка)",3345,3125,8,1.26,0.004,6926619727784
89,,,Вентиляторы,,,,,,
90,,PJF20H-250A,"Вентилятор аккумуляторный PJF20H-250A (20В/220В, 1200/1500/1800 об/мин, угол наклона до 225°)",6620,6185,2,4.57,0.059,6926619728187
91,,,Фонари,,,,,,
92,,PWL20H-3A,"Аккумуляторный фонарь PWL20H-3A Solo (20В, 3Вт, 300Лм, поворотная головка, Power LED)",1035,965,0,0.38,0.002,6926619724370
93,,PWL20H-20A,"Аккумуляторный фонарь PWL20H-20A Solo (20В, 10/20Вт, 900/1900 лм, вращ. 360°, LED)",2860,2670,5,1.9,0.007,6971810444879
94,,,Краскораспылители,,,,,,
95,,PSG20H-900A,"Краскораспылитель аккумуляторный PSG20H-900A SOLO (20 В, 700мл/мин, емк. 900мл, давл 0,1-0,2 бар)",4490,4195,4,1.64,0.011,6971810444831
96,,,Миксеры,,,,,,
97,,PHM20H-120A,"Миксер аккумуляторный PHM20H-120A P.I.T.(20В, 0-420/0-710об/мин, рег. оборотов, венчик120мм)",12700,11865,2,5.26,0.025,6971810444930
98,,,Пылесосы,,,,,,
99,,PVC20H-0.5A,"Пылесос PVC20H-0.5A Solo (20В, пылесборник 0,5л, пропускная способность 1,2м³/мин)",4455,4160,4,1.68,0.012,6971810444886
100,,,Степлеры,,,,,,
101,,PST20H-30/625A,"Степлер аккумуляторный PST20H-30/625A Solo (20В, ск-ть 20шт/мин, магаз.100шт, LED-подсветка)",7615,7115,4,2.74,0.007,6971810444855
102,,PST20H-15/1013A,"Степлер аккумуляторный PST20H-15/1013A Solo (20В, ск-ть 20шт/мин, магаз.100шт)",4945,4620,5,1.84,0.005,6971810444848
103,,,Реноваторы,,,,,,
104,,PMT20H-035A,"Аккум. реноватор PMT20H-035A SOLO (20В, 5000-19000кол/мин, угол 3,5°, коробка)",3705,3460,10,1.16,0.002,6971810444473
105,,PMT20H-035A/1,"Аккум. реноватор PMT20H-035A/1  (20В, 5000-19000кол/мин, угол 3,5°, 1акб Li-Ion 2Ач, ЗУ 3А, кейс)",7325,6845,6,2.96,0.01,6971810444732
106,,, Шуруповерты ,,,,,,
107,,,Шуруповерты Серия PID,,,,,,
108,,PID03003-20M2/BL,"Шуруповерт бесщеточный PID03003-20M2/BL (18В, акб 1,5 Ач, 32Нм, с функцией удара, фикс. шпинделя)",6915,6460,5,2.36,0.006,6971810441632
109,,PID03002-16M2/BL,"Шуруповерт бесщеточный PID03002-16M2/BL (14,4В, акб 1,5 Ач, 30Нм, с функцией удара, фикс. шпинделя)",6100,5700,5,2.26,0.007,6971810441625
110,,PID03001-12M2/BL,"Шуруповерт бесщеточный PID03001-12M2/BL (12В, акб 1,5 Ач, 28Нм, с функцией удара ,фикс. шпинделя)",5475,5115,5,2.18,0.065,6971810441601
111,,,Шуруповерты Серия D,,,,,,
112,,PSR24-D1,"Шуруповерт PSR 24-D1 СТАНДАРТ (24В, 2 Li акк. 1,5Ач,2 ск,40Нм,быстр.зарядка,кейс) P.I.T.(5шт)",5700,5325,5,2.6,0.007,6971810440284
113,,PSR18-D1,"Шуруповерт PSR 18-D1 СТАНДАРТ (18В, 2 Li акк.1,5Ач,2 ск,30Нм,быстр.зарядка,кейс) P.I.T.(5шт)",5210,4865,5,2.54,0.006,6971810440246
114,,PSR14.4-D1,"Шуруповерт PSR 14.4-D1 СТАНДАРТ (14,4В, 2 Li акк.1,5Ач,2 ск,26Нм,быстр.зарядка,кейс) P.I.T.(5шт) ",4115,3845,5,2.4,0.007,6971810440222
115,,PSR12-D1,"Шуруповерт PSR 12-D1 СТАНДАРТ (12В, 2 Li акк.1,5Ач,2 ск,22Нм,быстр.зарядка,кейс) P.I.T.(5шт)",3580,3345,5,2.26,0.006,6971810440215
116,,PSR12-D,"Шуруповерт PSR 12-D СТАНДАРТ (12В, 2 Li акк.1,5Ач,2 ск,20Нм,быстр.зарядка,кейс) P.I.T.(5шт)",3155,2945,5,1.98,0.004,6971810440208
117,,PSR18-D1F,"Шуруповерт PSR 18-D1F (18В, 2 Li акк.1,5Ач,2 ск,30Нм,быстр.зарядка,кейс, удар,фикс.шпинд)",4780,4465,5,2.52,0.007,6971810441779
118,,PSR14.4-D1F,"Шуруповерт PSR 14.4-D1 F (14В, 2 Li акк.1,5Ач,2 ск,28Нм,быстр.зарядка,кейс, удар,фикс.шпинд)",4485,4190,5,2.44,0.007,6971810441762
119,,PSR18-D1 NEW,"Шуруповерт PSR 18-D1 NEW (18В, 2 Li акк.1,5Ач,2 ск,30Нм,быстр.зарядка,кейс) P.I.T.",0,0,0,0,0,
120,,PSR18-D4,"Дрель аккумуляторная бесщеточная PSR18-D4 (20В, 2 Li акк 1,5 Ач, 40Нм, ударн, фикс. шпинделя, кейс)",6980,6520,5,2.36,0.006,6926619728200
121,,PSR18-D4 Promo,"Дрель аккумуляторная бесщеточная PSR18-D4 Promo (20В, 1 Li акк 1,5 Ач, 40Нм,ударн, фикс. шпинд, кор)",5110,4775,8,1.64,0.004,6926619728217
122,,PSR18-D3,"Дрель аккумуляторная PSR18-D3 (20В, 2 Li акк.1,5Ач,2 ск,30Нм,быстр.зарядка,кейс)",4830,4510,5,2.36,0.006,6926619728224
123,,PSR18-D3 Promo,"Дрель аккумуляторная PSR18-D3 Promo (20В, 1 Li акк.1,5Ач,2 ск,30Нм,быстр.зарядка,коробка)",3040,2840,8,1.68,0.004,6926619728231
124,,_PSR12-D,"Шуруповерт PSR 12-D (PROMO, 12В, 2 Li акк.1,5Ач,2 ск,20Нм,быстр.зарядка, коробка) P.I.T.",3210,3000,8,1.5,0.003,6971810444817
125,,,Шуруповерты Серия С,,,,,,
126,,PSR24-C,"Шуруповерт PSR24-C МАСТЕР (24В, 2 Li акк.1,5Ач,2 ск,40Нм,быстр.зарядка,кейс,фикс.шпинделя) (5шт)",5845,5460,5,2.62,0.007,6971810440307
127,,PSR20-C2,"Шуруповерт PSR20-C2 МАСТЕР (20В, 2 Li акк.2Ач,2 ск,60Нм,металл.патрон, ударный, фикс.шпинделя)(5шт)",7970,7445,5,2.96,0.008,6971810440291
128,,PSR20-C1,"Шуруповерт PSR20-C1 МАСТЕР (20В, 2 Li акк.1,5Ач,2 ск,32Нм,съемный патрон,фикс.шпинделя)",6260,5850,5,2.6,0.007,6971810440260
129,,PSR12-C8,"Шуруповерт PSR12-C8 МАСТЕР (12В, 2 Li акк.1,5Ач,2 ск,25Нм,съемный патрон,фикс.шпинделя) ",4645,4340,5,1.96,0.006,6971810440192
130,,PSR20-C,"Шуруповерт PSR20-C МАСТЕР (18В, 2 Li акк.1,5Ач,2 ск,32Нм,быстр.зарядка,кейс,фикс.шпинделя) (5шт)",5525,5160,5,2.44,0.006,6971810440253
131,,PSR12-C6,"Шуруповерт PSR12-C6  МАСТЕР (12В, 2 Li акк.1,5Ач,2 ск,25Нм,быстр.зарядка,кейс,фикс.шпинделя) (5шт)",3985,3720,5,1.96,0.005,6971810440178
132,,PSR12-C7,"Шуруповерт PSR12-C7  МАСТЕР (12В, 2 Li акк.1,5Ач,2 ск,25Нм,быстр.зар,кейс,фикс.шпинд.Нов.диз ) (5шт)",4225,3945,5,2.2,0.007,6971810440185
133,,PSR16-C,"Шуруповерт PSR16-C МАСТЕР (14В, 2 Li акк.1,5Ач,2 ск,28Нм,быстр.зарядка,кейс,фикс.шпинд. Н диз) (5шт)",4670,4360,5,2.38,0.007,6971810440239
134,,,Отвертки аккумуляторные,,,,,,
135,,PD03P3.6-006,"Отвертка аккумуляторная PD03P3.6-006 (3.5Нм, 1.3Ач, биты 15шт, пов. рук,USB заряд, фонарик,кейс)",1690,1575,20,0.7,0.002,6971810442714
136,,PES3.6P-24A,"Отвертка аккумуляторная PES3.6P-24A (2Нм, 1.3Ач, биты 23шт, USB заряд)",2590,2420,20,0.48,0.001,6971810445012
137,,,Граверы,,,,,,
138,,PMG200-C1,"Гравер PMG200-С1 МАСТЕР (бормаш 12В,150Вт,цанга 2,4; 3,5мм, ск-ть  10-33тыс.об/мин, 350 пред-в) 5шт",5590,5220,5,3.5,0.018,6971810441403
139,,PMG150-C,"Гравер PMG150-С МАСТЕР (150Вт,гиб.вал, цанга 3,2мм, ск-ть 10000-33000об/мин, 211 пред-в) 5шт",3620,3380,5,1.98,0.006,6971810441397
140,,,Бензотехника,,,,,,
141,,P51211,"Мотобур P51211 (ЧЕТЫРЕХ-РУЧНЫЙ, 2-х тактный,2,2кВт.об/двиг 63 см³, 8000об/мин,топ бак1,2 л.,7,5 кг)",15315,14310,0,11.46,0.04,6971810443940
142,,P51210,"Мотобур P51210 (2-х тактный,1,8кВт. об/двиг 52 см³, 8000об/мин,топ бак 1,2 л.,7,5 кг.)",12360,11550,0,9.88,0.034,6971810443933
143,,GCS52-C6,"Бензопила GCS52-C6 (18""450мм,2.2кВт, 52 см³, хром.цил.,легкй старт,масл-с, 2х ресурс)",9090,8495,0,7.3,0.035,6926619727562
144,,GCS45-C5,"Бензопила GCS45-C5 (16""400мм,2кВт/2,8л.с,53 см³, хром.цил.,легк старт,ресурс 2х.)",8760,8185,2,7,0.03,6926619727555
145,,GCS52-C5,"Бензопила GCS52-C5 МАСТЕР (18""450мм,2кВт ,52 см³,хром.цил.,легкй старт,масл-с, 2х ресурс)",7585,7085,2,6.5,0.034,6926619723816
146,,GCS45-C4,"Бензопила GCS45-C4 МАСТЕР (16""400мм,2кВт/2,8л.с,45 см³.,хром.цил.,легк старт,ресурс 2х.)",7430,6940,2,6.82,0.03,6926619723823
147,,GCS52-C3,"Бензопила GCS52-C3 (18""450мм,2,0кВт/2,7 л.с,53 см³,хр.цил,легкй старт, моторес2р.выше,инд.ур.топл)",7735,7225,2,7.38,0.041,6971810444787
148,,GCS52-C4,"Бензопила GCS52-C4 (16""400мм,2,0кВт/2,7 л.с,53 см³,хр.цил.,легк старт,повыш моторес2раз)P.I.T.(2 шт)",7690,7185,2,7.16,0.041,6971810444794
149,,GCS45-C3,"Бензопила GCS45-C3 (16""400мм,1,8кВт/2,45л.с,46 см³.,хром.цил.,легк старт, ресурс2р.выше, инд.ур.топ)",7930,7410,2,7.26,0.04,6971810444770
150,,,Дрели,,,,,,
151,,,Гайковерт сетевой ,,,,,,
152,,PIW1050-C,"Гайковерт сетевой PIW1050-С МАСТЕР (1050Вт, 2200 об/мин, 1/2"", 100/350Нм, ударный, наб.головок)",7155,6685,4,5.06,0.014,6971810441526
153,,PIW1100-C,"Гайковерт сетевой PIW1100-С (1100Вт, 2200 об/мин, 1/2"", 450Нм, ударный, наб.головок)",6985,6525,5,4.96,0.012,6926619713695
154,,,Дрель-шуруповерт сетевой,,,,,,
155,,PBM10-C1,"Дрель шуруповерт сетев PBM10-C1 МАСТЕР (400Вт,0-800об/мин.) P.I.T. (10шт.)",2310,2155,10,1.48,0.004,6971810440512
156,,PBM10-C2,"Дрель шуруповерт сетев PBM10-C2 МАСТЕР (400Вт, 2 скорости, 0-350/1050об/мин.) (10шт.)",2690,2510,10,1.6,0.004,6971810440529
157,,,Дрель- миксер,,,,,,
158,,PHM120-C,"Дрель-миксер PHM120-C(низкоб1050Вт,0-550об/м,рег скор,НАСАДКА,ПАТРОН16мм АНАЛОГ 1050ИНТЕРСК ) P.I.T.",6840,6390,4,5.44,0.014,6971810440161
159,,PHM150-C,"Миксер сетевой PHM150-C (1400Вт, 0-500/0-700об/мин, рег. оборотов, венчик120мм)",8240,7700,0,5.56,0.03,6971810441236
160,,PHM250-C,"Миксер строительный PHM250-С P.I.T.(1600Вт, 0-600/0-800об/мин, рег. обор, венчик 2х120мм в комплект)",12190,11390,0,8.5,0.047,6971810444947
161,,,Дрель безударная,,,,,,
162,,PBM10-D,"Дрель электр. PBM10-D СТАНДАРТ (500Вт, БЗП,реверс, регул скорости, 0-2800об/мин.) P.I.T. (10 шт.)",2165,2020,10,1.56,0.004,6971810440536
163,,PBM10-C,"Дрель электрическая PBM10-C (550Вт, БЗП, реверс, рег. скорости, 0-3300 об/мин)",1910,1785,10,1.54,0.004,6926619728408
164,,,Дрель ударная,,,,,,
165,,PSB13-C2,"Дрель ударная PSB13-C2 P.I.T. (780Вт, ключевой патрон 13мм, 0-3000 об/мин)",2685,2505,5,2.14,0.005,6971810444336
166,,PSB13-C6,"Дрель ударная PSB13-C6 P.I.T. (650Вт, ключевой патрон 13мм, 0-3000 об/мин)",2340,2185,5,2,0.005,6971810444343
167,,PSB16-C,"Дрель ударная PSB16-C P.I.T. (1050Вт, ключевой патрон 16мм, 0-900/0-2500 об/мин)",7480,6990,4,4,0.009,6971810444992
168,,PSB13-C8,"Дрель ударная PSB13-C8 P.I.T. (950Вт, мет. корпус редуктора, 0-3000 об/мин, ключевой патрон 13мм)",3960,3700,5,2.6,0.007,6971810444954
169,,PSB13-C7,"Дрель ударная PSB13-C7 P.I.T. (850Вт, ключевой патрон 13мм, 0-3000 об/мин)",3190,2980,5,2.4,0.007,6971810444541
170,,,Лобзики,,,,,,
171,,PST90-C1,"Лобзик PST90-C1 МАСТЕР (900Вт,90мм,0-3000 ход/мин,3 реж,быстрозаж, лазер, LED-подсветка) P.I.T",4195,3920,5,2.72,0.005,6971810444145
172,,PST70-C1,"Лобзик PST70-C1 МАСТЕР (700Вт,70мм,0-3000 ход/мин,3 режима,быстрозаж) P.I.T",3150,2940,5,2.54,0.005,6971810444138
173,,PST110-C,"Лобзик PST110-C (750Вт,110мм,1000-3100 ход/мин,3 реж,быстрозаж)",6610,6175,5,3.4,0.007,6926619713749
174,,,Пилы электрические,,,,,,
175,,,Пила стационарная,,,,,,
176,,PTS200-C,"Пила стационарная электрическая PTS200-C МАСТЕР P.I.T. (850Вт,диск 200*16*2,4,стол 500*335,угол 45°)",7210,6735,0,11.16,0.046,6971810440956
177,,,Плиткорез,,,,,,
178,,PTC180-C,"Плиткорез PTC180-C МАСТЕР (650Вт, 180*22,2*22, 2950об/мин)",6050,5650,0,8.58,0.025,6971810440949
179,,,Машина отрезная по металлу,,,,,,
180,,PCM355-C1,"Пила отрезная по металлу PCM355-C1 МАСТЕР (2500Вт.,355мм.диск,3800об/мин,ременный привод,220В)",13265,12395,0,17.5,0.074,6971810442080
181,,PCM355-C,"Пила отрезная по металлу PCM355-C МАСТЕР (2400Вт.,355мм.диск,3800об/мин,прямой привод,220В)",9690,9055,0,13.36,0.061,6971810440697
182,,PCM355-C2,"Пила отрезная по металлу PCM355-C2(2600Вт,355мм диск,3800об/мин,прямой привод,220В)",0,0,0,0,0,
183,,,Пила дисковая,,,,,,
184,,PKS200-C,"Пила циркулярная PKS200-C P.I.T МАСТЕР(2000Вт, 200диск, 5500 об/мин, глуб пр-ла 65мм, стац-е крепл.)",8725,8150,2,7.4,0.019,6971810440666
185,,PKS185-C2,"Пила циркулярная PKS185-C2 МАСТЕР (1300Вт, 5000 об/мин. глубина пропила 60мм) P.I.T ( 4шт.)",5105,4770,4,4.26,0.014,6971810440642
186,,PKS185-D1,"Пила циркулярная PKS185-D1 СТАНДАРТ P.I.T (1250Вт, 4800 об/мин, глубина пропила 60мм)",4365,4075,4,4.22,0.012,6971810442134
187,,PKS115-C,"Пила циркулярная по камню PKS115-C (1400Вт, диск 115мм, 13000об/мин, гл. реза 0-33мм)",0,0,0,0,0,
188,,PKS185-C4,"Пила циркулярная PKS185-C4(1200Вт, 5500 об/мин, диск 185 мм, глубина пропила 47/61мм)",0,0,0,0,0,
189,,PKS235-C,"Пила циркулярная PKS235-C(2200Вт, 4500 об/мин, диск 235 мм, глубина пропила 76мм)",0,0,0,0,0,
190,,PKS165-C,"Пила циркулярная PKS165-C(1200Вт, 5500 об/мин, диск 165 мм,глубина пропила 53мм)",0,0,0,0,0,
191,,PKS185-C3,"Пила циркулярная PKS185-C3(1400Вт, 5500 об/мин, диск 185 мм, глубина пропила 60мм)",0,0,0,0,0,
192,,,Пила сабельная,,,,,,
193,,PSA1200-C,"Пила сабельная PSA1200-C МАСТЕР (1200Вт, съем-е креп-е,эл-я рег-ка скор-ти, пилка по дереву, метал)",6390,5970,4,3.78,0.011,6971810440772
194,,PSA115-C,"Пила сабельная PSA115-C МАСТЕР (980Вт, съем-е креп-е,эл-я рег-ка скор-ти, пилка по дереву, метал)",5365,5010,4,2.9,0.007,6971810441328
195,,PSA1200-C1,"Пила сабельная PSA1200-C1 (1200Вт, поворот рукоят. съем креп-е,эл-я рег-ка скор-ти, пилки дер/метал)",6410,5990,0,0,0,
196,,PSA115-C1,"Пила сабельная PSA115-C1 (1000Вт, 0-2800об/мин,поворот рукоятка,ход20мм, съем креп, пилки дер/метал)",5110,4775,0,0,0,
197,,,Пила цепная,,,,,,
198,,PKE405-C4,"Пила цепная электрическая PKE405-C4 МАСТЕР (1800Вт, 405мм, 4500об/мин, автоматическая подача масла)",5985,5590,4,5.84,0.021,6971810441373
199,,PKE405-D1,"Пила цепная электрическая PKE405-D1 СТАНДАРТ (1600Вт, 405мм, 5000об/мин,упрощенная натяжка цепи)",4925,4600,4,5.04,0.016,6971810440710
200,,PKE405-C7,"Пила цепная электрическая PKE405-C7 (2400Вт, 405мм, 8500об/мин, автоматическая подача масла)",8090,7560,2,6.12,0.026,6926619727548
201,,PKE405-C6,"Пила цепная электрическая PKE405-C6 (2000Вт, 405мм, 8500об/мин, автоматическая подача масла)",7790,7280,2,5.92,0.026,6926619727531
202,,PKE405-C5,"Пила цепная электрическая PKE405-C5 (2000Вт,405мм,инд.ур-ня масла,прорез.ручка,пред.муф)",7520,7025,0,6.68,0.031,
203,,,Пила торцовочная,,,,,,
204,,PCM255-C,"Пила торцовочная PCM255-C МАСТЕР (2000Вт.,255мм.диск,4800об/мин,220В, без диска) P.I.T",14635,13675,0,14.4,0.11,6971810440673
205,,PCM255-C2,"Пила торцовочная PCM255-C2 (1600Вт, 4600об\мин,255мм.диск,220В, С ПРОТЯГОМ) P.I.T",18915,17675,0,11.6,0.152,6971810442073
206,,PCM255-C3,"Пила торцовочная PCM255-C3 (2000Вт,3200/4500об/мин,255мм, ПИЛЕНИЕ ДЕРЕВА/МЕТАЛЛА, С ПРОТЯГОМ) P.I.T.",20140,18820,0,17.4,0.158,6926619713701
207,,,ПИЛА PMS89-C,,,,,,
208,,PMS89-MB,"Угловая направляющая для минипилы PMS 89-MB (струбцина, регулировка угла до 60гр.)",2490,2325,0,1.98,0.002,6971810441663
209,,PMS89-TS,"Направляющая шина для минипилы PMS 89-TS (3 шт, общая длина 125 см, 2 струбцины)",2125,1985,0,1.65,0.007,6971810441670
210,,PMS89-C,"Мини-пила циркулярная PMS89-C (600Вт, 5500об/мин, диск 89мм, глуб. проп 28,5мм, 3пиль.диска, упоры)",7465,6975,4,4.13,0.013,6971810441311
211,,,Ножницы по металлу,,,,,,
212,,PDJ250-C,"Ножницы электрические по металлу PDJ250-C (500Вт, 2600ход/мин, толщина реза стали 1,6-2,5мм)",5800,5420,0,2.64,0.005,
213,,,Молоток отбойный,,,,,,
214,,GSH65-D,"Молоток отбойный GSH65-D СТАНДАРТ P.I.T. (45Дж,1800 вт,пика, зубило, залить масло п/экспл, HEX 30мм)",18280,17080,0,22.32,0.038,6971810440475
215,,GSH25-C,"Молоток отбойный GSH25-C МАСТЕР P.I.T. (20дж,1500Вт, хвостовик SDS-MAX) 2 шт",12650,11820,2,8.86,0.018,6971810444060
216,,GSH65-C2,"Молоток отбойный GSH65-C2 МАСТЕР P.I.T. (50дж,1800Вт, хвостовик HEX 30мм) ",21745,20320,0,22.44,0.047,6971810444077
217,,GSH90-C2,"Молоток отбойный GSH90-C2 МАСТЕР P.I.T. (75дж,2500Вт, хвостовик HEX 30мм) ",27235,25450,0,24.4,0.056,6931810444095
218,,GSH65-C3,"Молоток отбойный GSH65-C3 МАСТЕР P.I.T. (65дж,2000Вт, хвостовик HEX 30мм) ",25815,24125,0,24.42,0.053,6971810444084
219,,GSH65-C5,"Молоток отбойный GSH65-C5 P.I.T. (45Дж,1800 вт,пика, зубило, залить масло п/экспл, HEX 30мм)",0,0,0,22.32,0.038,
220,,GSH65-C4,"Молоток отбойный GSH65-C4 P.I.T. (42Дж,1700Вт, 1850уд/мин, залить масло п/экспл, HEX 30мм)",15980,14930,0,20.69,0.038,6926619728576
221,,GSH25-C1,"Молоток отбойный GSH25-C1 (20дж,1500Вт, 12 полож угла установ зубила, хвостовик SDS-MAX)",12890,12045,0,9.08,0.021,6926619728330
222,,,Лазерная измерительная техника,,,,,,
223,,,Лазерные дальномеры,,,,,,
224,,PLD-60A,"Лазерный дальномер PLD-60A (дальность 60м, авто откл,  время измерения 0,1-3с, питание ААА) 24 шт",2795,2610,24,0.18,0,6971810444237
225,,,Мойки высокого давления,,,,,,
226,,PHP160-C,"Мойка высокого давления PHP160-C (2800Вт, 160бар, 660л/час, шланг 10м, на колесах, рег давления)",57435,53675,0,36.4,0.131,6971810444329
227,,PHP130-C,"Мойка высокого давления PHP130-C (1800Вт, 130бар, 420л/час, шланг 6м, на колесах)",8475,7920,0,7.52,0.045,6971810444305
228,,PHP120-C,"Мойка высокого давления PHP120-C (1500Вт, 120бар, 330л/час, шланг 5м)",6975,6515,0,6.28,0.031,6971810444299
229,,PHP170-C1,"Мойка высокого давления PHP170-C1 (2200Вт, 170бар, 450л/час, колеса, бачок д/пены)",9670,9035,0,0,0,6926619728712
230,,PHP170-C,"Мойка высокого давления PHP170-C (2200Вт, 170бар, 450л/час, колеса, бачок д/пены)",9230,8625,1,9.7,0.064,6926619728705
231,,PHP140-C1,"Мойка высокого давления PHP140-C1 (1800Вт, 140бар, 420л/час, колеса, бачок д/пены)",7370,6885,1,7.5,0.041,6926619728699
232,,PHP120-C1,"Мойка высокого давления PHP120-C1 (1600Вт, 120бар, 390л/час)",5630,5260,1,5.7,0.025,6926619728682
233,,,Компрессоры,,,,,,
234,,,Компрессоры безмасляные,,,,,,
235,,PAC24-C1,"Компрессор PAC24-C1 P.I.T. (0,6кВт, 110 л/мин, 8бар, 24л, 2 цил, 1 вых, пр.привод, безмасл)",11710,10940,0,18.3,0.071,6971810444978
236,,,Компрессоры масляные,,,,,,
237,,PAC50-C,"Компрессор PAC50-C (1,8кВт, 2,5лс, 206 л/мин, 50л, 2 выхода, европереходник, масляный) P.I.T. ",16275,15210,0,26.44,0.142,6971810441755
238,,PAC24-C,"Компрессор PAC24-C (1,5кВт, 2,2лс, 206 л/мин, 24л, 1 выход, европереходник, масляный) P.I.T. ",11400,10650,0,18.88,0.099,6971810441748
239,,"PAC016003-2,5/50","Компрессор PAC 016003-2,5/50 P.I.T.(2,5кВт, 3,4лс, 350 л/мин, 50л, 2 цил, 2 вых, евро, пр.привод)",26075,24365,0,39.66,0.146,6971810442240
240,,"PAC016002-3,3/100","Компрессор PAC 016002-3,3/100 P.I.T. (3,3кВт, 370л/мин,100л,2 цил-ра,2 вых,2 ман, маслян. ремен.)",41165,38470,0,70.35,0.34,6971810442233
241,,"PAC016001-2,5/100","Компрессор PAC 016001-2,5/100 (2,5кВт, 3,4лс, 330 л/мин, 100л, 2 цил, 2 вых, ев,масл. рем) P.I.T. ",41840,39100,0,64.55,0.338,6971810442226
242,,PAC100-C2,"Компрессор PAC100-C2(3,3кВт, 370л/мин,100л,2 цил-ра,2 вых,2 ман, маслян. ремен.) P.I.T.",0,0,0,0,0,
243,,PAC100-C,"Компрессор PAC100-C (2,5кВт, 3,4лс, 330 л/мин, 100л, 2 цил, 2 вых, ев,масл. рем) P.I.T. ",0,0,0,0,0,
244,,,Краскораспылители,,,,,,
245,,PSG3020-C,"Краскораспылитель PSG3020-C МАСТЕР (550Вт,700мл/мин,сопло 2,5 мм,бачок 800 мл,SDS разъем) P.I.T(4шт)",3775,3525,4,1.76,0.007,6971810440604
246,,PTS10-D,"Набор пневмоинструмента PTS10-D СТАНДАРТ (Краск,пис-т д/подкачки,продув,промыв и смазки,5м шланг)",2540,2370,10,1.92,0.01,6971810441533
247,,PSG3022-C,"Краскораспылитель PSG3022-C (600 Вт, 1000мл/мин, емкость 900мл, возд. шланг 1,8м)",4885,4565,0,3.12,0.021,
248,,PSG3021-C,"Краскораспылитель PSG3021-C (500 Вт, 800мл/мин, емкость 900мл)",4215,3935,0,1.88,0.01,
249,,,Перфораторы,,,,,,
250,,PBH24-C1,"Перфоратор PBH24-C1 МАСТЕР (3-реж. гор. 850Вт. 2,4дж.SDS+ пласт.кейс. Быстр-ый патрон) P.I.T",6695,6255,3,5.44,0.013,6971810440390
251,,PBH24-C,"Перфоратор PBH24-C МАСТЕР (3-реж. гор. 850Вт. 2,4дж.SDS+ пласт.кейс.) P.I.T (3шт.)",4920,4595,3,4.98,0.014,6971810440383
252,,PBH28-C,"Перфоратор PBH28-C МАСТЕР (3-реж.гор.1050Вт.3,2дж.SDS+ пласт.кейс,3 бур, пика, зуб-ло,.бур 28мм) 3шт",6430,6005,3,5.2,0.013,6971810440437
253,,PBH32-C4,"Перфоратор PBH32-C4 МАСТЕР (3-реж. верт,1500Вт,5,5 Дж,SDS+ пласт.кейс, бур 32мм, буры+смазка) 2 шт",8545,7985,2,7.64,0.02,6971810444053
254,,PBH28-C3,"Перфоратор PBH28-C3 МАСТЕР (3-реж. верт, 1400Вт. 5,5дж.SDS+ пласт.кейс, макс диам.бура 28мм)  P.I.T",8630,8065,2,7.34,0.017,6971810444046
255,,PBH26-C4,"Перфоратор PBH26-C4 МАСТЕР (3-реж. верт, 1200Вт. 4,7дж.SDS+ пласт.кейс, макс диам.бура 26мм) 4 шт",7700,7195,4,6.42,0.014,6971810444039
256,,PBH40-C2,"Перфоратор PBH40-C2 МАСТЕР (2-реж, вертик,1600 Вт, 9 Дж, SDS-MAX, алюм. корпус)",14545,13590,2,10.94,0.028,6971810444374
257,,PBH28-C5,"Перфоратор PBH28-C5 (3-реж.гор.1050Вт.3,2дж.SDS+ пласт.кейс,3 бура,зуб,макс.бур 28мм)",7175,6705,3,5.32,0.013,6926619713732
258,,PBH32-C5,"Перфоратор PBH32-C5 МАСТЕР (3-реж. верт,1500Вт, 6 Дж,SDS+ пласт.кейс, бур 32мм, буры+смазка) 2 шт",9180,8575,2,7.9,0.02,6926619712223
259,,PBH28-C4,"Перфоратор PBH28-C4 (3-реж.гор.1000Вт.3дж.SDS+ пласт.кейс,3 бура,зуб,макс.бур 28мм)",5620,5250,3,5.06,0.014,6926619713725
260,,PBH26-C5,"Перфоратор PBH26-C5 (3-реж. горизонт, 1000Вт. 3,2дж.SDS+ пласт.кейс, макс диам.бура 26мм) 3шт",5900,5510,3,4.66,0.013,6926619727388
261,,PBH24-C2,"Перфоратор PBH24-C2 (3-реж. гор. 800Вт. 1,7дж.SDS+, макс.бур 24 мм, пласт.кейс.)",4385,4095,3,4.72,0.013,6926619713718
262,,_PBH24-C,"Перфоратор PBH24-C (PROMO, 3-реж. гор. 850Вт. 2,4дж.SDS+, коробка) P.I.T (4 шт.)",4420,4130,4,3.58,0.01,6971810444824
263,,,Фены,,,,,,
264,,PHG2000-C,"Электрофен PHG 2000-C МАСТЕР (2кВт,50-600*С,три положения потока воздуха,насадки,КЕЙС ) P.I.T. 4шт.)",3385,3160,5,2.14,0.011,6971810440574
265,,PHG2000-D,"Электрофен PHG 2000-D СТАНДАРТ (2кВт, 350/600*С, 2 положения потока воздуха, насадки) (10шт.)",1500,1400,10,0.9,0.004,6971810440581
266,,PHG2001-C,"Электрофен PHG2001-C (2кВт,кейс,50-650°С,возд.поток 250-500л/мин,цифр.дисп,керам.нагр.э)",5280,4930,0,2.22,0.011,
267,,,Пылесосы,,,,,,
268,,PVC30-C,"Пылесос PVC30-C МАСТЕР (1,5кВт,3 м шланг,пыль.сбор 30л,нерж.к-с,бум.мешок, 2кВт подключаемый инст)",8705,8135,0,8.24,0.073,6971810441120
269,,PVC20-C,"Пылесос PVC20-C МАСТЕР (1,5кВт,3 м шланг,пыль.сбор 20л,нерж.к-с,бум.мешок, 2кВт подключаемый инстр)",8370,7820,0,7.6,0.068,6971810441113
270,,,Оснастка для пылесоса,,,,,,
271,,PVB-30 M,"Мешок многоразовый для пылесоса PVB-30 M (30x60 см, объем 30л, фильтр 99%, усил креп, мокр пыль)",1170,1090,0,0.18,0.002,4673728731868
272,,,Рубанки,,,,,,
273,,GHO110-C1,"Рубанок GHO110-C1 МАСТЕР (Стационар,1500Вт,16т.об/мин,110мм,г3,5мм,пар-ое строг-е,подк-е пыл.сбор)",10390,9710,2,7.52,0.018,6971810440819
274,,GHO110-C,"Рубанок GHO110-C МАСТЕР (1500Вт,16т.об/мин, 110мм, рег-ка 0-3,5мм,пар-ое строг-е,подк-е пылесбор)",9190,8585,2,5.84,0.016,6971810440802
275,,PEP006L-C2 PRO,"Рубанок PEP006L-C2 PRO(1,2кВт, гл.3,5мм, шир.110мм, 15т/об,мешок для пыли,авт-й башмак,3 v-обр.паза)",7045,6580,2,5.79,0.016,6971810441724
276,,PEP006L-D1,"Рубанок PEP006L-D1 (600Вт, гл.2мм, шир.82мм, 17т/об, мешок для пыли, авт-й башмак, 3 v-образн.паза)",3465,3235,4,3.25,0.009,6971810441717
277,,PEP82-C,"Рубанок PEP82-C (650Вт,16800 об/мин, 82мм, рег-ка 0-2мм, пар-ое строг-е,подк-е пылесбор)",3995,3730,6,3.06,0.009,6926619723809
278,,,Садовая техника,,,,,,
279,,, Ремни для бензо- и электрокос,,,,,,
280,,AGDP01-0003,"Ремень для триммера AGDP01-0003 (энер. погл. набедр и мягк. поролон. наплеч. накладка, 50 шт в уп)",900,839,20,0.72,0.006,6926619728309
281,,AGDP01-0002,"Ремень для триммера AGDP01-0002 (энер.погл.набедр и мягк. напл. накладк с расш.на спине, 20 шт в уп)",1020,949,20,0.72,0.006,6926619728293
282,,AGDP01-0001,"Ремень для триммера AGDP01-0001 (энер. погл. набедр и мягк. дугообр. наплечная накладка, 20 шт в уп)",760,706,20,0.72,0.006,6926619728286
283,,,Газонокосилки,,,,,,
284,,PLM40-C,"Газонокосилка электрическая PLM 40-C (2000Вт, диаметр кошения 400мм, травосборник 35л)",10255,9580,0,12,0.099,6971810441199
285,,PLM37-C,"Газонокосилка электрическая PLM 37-C (1600Вт, диаметр кошения 370мм, травосборник 35л)",9570,8940,0,11.5,0.084,6971810441182
286,,PLM51-C2,"Бензиновая газонокосилка PLM51-C2 ( самоход. 4Т двиг.3,5 л.с, диам. кош 508мм,высот кош 25-75мм,60л)",29395,27470,0,35.76,0.224,6971810443261
287,,PLM32-C,"Газонокосилка электрическая PLM32-C (1200Вт, диаметр кош 320мм, травосборник 30л, 3 уровня высоты)",6990,6530,0,8.54,0.061,6971810444985
288,,,Электрокосы,,,,,,
289,,PTR 2000-EL,"Электротриммер PTR 2000-EL (2000Вт,ранцевый ремень, велосипед. рукоятка, разъемная штанга,нож+леска)",8560,8000,1,7.4,0.025,6971810441564
290,,PTR 1500-EL,"Электротриммер PTR 1500-EL (1500Вт,наплеч. ремень, велосипед. рукоятка, разъемная штанга, нож+леска)",7635,7135,1,6.6,0.025,6971810441557
291,,PTR 750-EL,"Электротриммер PTR 750-EL (750Вт, телескопическая штанга, леска)",4845,4525,2,3.5,0.025,6971810441540
292,,P 51021,"Электротриммер P51021 (1600Вт, наплечный ремень, разъемная штанга, нож+леска)",7600,7100,0,6.3,0.025,6971810443230
293,,PTR1750-EL,"Электротриммер PTR1750-EL (1700Вт, скаш.420мм,напл. ремень, велорукоятка, разъем.штанга, нож+леска)",7125,6655,0,6.6,0.026,6926619728521
294,,PTR1250-EL,"Электротриммер PTR1250-EL (1600Вт, скаш. 420 мм, 6800об/мин, нап.ремень, разъем. штанга, нож+леска)",6830,6380,0,5.96,0.024,6926619728514
295,,PTR1000-EL,"Электротриммер PTR1000-EL (750Вт, телескоп. штанга, ширина скоса 300мм, 10000об/мин)",4785,4470,4,2.82,0.026,6926619727517
296,,,Бензокосы,,,,,,
297,,P 38-C,"Бензотриммер P 38-С (1,7л.с,38 см3, 4-такт, диск 40-зуб, ранцевый ремень, неразъем.штанга с редук.)",12650,11820,1,10.8,0.024,6971810441380
298,,P75103 Мастер,"Бензотриммер P75103 Мастер (3,2л.с,56 см3, 2-такт, диск 40-зуб, ранцевый ремень, неразъемная штанга)",8940,8355,1,9.2,0.027,6971810441366
299,,P75103А,"Бензотриммер P75103A Стандарт (2,8л.с,56 см3, 2-такт, диск 3-зуб, наплеч. ремень,разъемн. штанга)",8325,7780,1,8.42,0.023,6971810442523
300,,P73102 Мастер,"Бензотриммер P73102 Мастер (2,3л.с,52 см3, 2-такт, диск 40-зуб, ранцевый ремень, неразъемная штанга)",9285,8675,1,8.06,0.027,6971810441359
301,,P73102A,"Бензотриммер P73102A Стандарт (2,3л.с,52 см3, 2-такт, диск 3-зуб, наплеч. ремень,неразъемн. штанга)",7550,7055,1,8.76,0.025,6971810441731
302,,,Воздуходувки,,,,,,
303,,PBO750-C,"Воздуходувка электрическая PBO750-C (750 Вт, произв-ть 2,8 м³/мин, 0-19300 об/мин, функция пылесоса)",2300,2145,6,1.7,0.009,6926619728194
304,,,Кусторезы,,,,,,
305,,PHE550-C,"Кусторез электрический PHE550-C (600Вт, 1500ход/мин, длина ножей 550мм)",5360,5005,4,3.48,0.037,6926619713763
306,,PHE450-C,"Кусторез электрический PHE450-C (500Вт, 1700ход/мин, длина ножей 450мм)",4220,3940,4,2.86,0.022,6926619713756
307,,,Вибраторы для бетона,,,,,,
308,,P31045,"Вибратор электрический стационарный для бетона P31045 (1500 Вт, 4 м длина булавы) P.I.T.",11065,10340,0,18.28,0.029,6971810441175
309,,P31035,"Вибратор электрический ручной для бетона P31035 (1100 вт, 1,5м длина булавы) P.I.T.",5260,4915,5,6.42,0.005,6971810441168
310,,PMV50-C1,"Вибратор электрический стационарный для бетона PMV50-C1 (2300 Вт, без булавы)",11290,10550,2,7.24,0.02,6926619727524
311,,PMV50-C,"Вибратор электрический стационарный для бетона PMV50-C (1500 Вт, 4 м длина булавы)",10650,9950,0,10.28,0.02,6926619713190
312,,,Сварочное оборудование,,,,,,
313,,,Инверторы сварочные,,,,,,
314,,PMI300-D,"Сварочный инвертор PMI300-D IGBT  P.I.T.(300 А,ПВ-60,1,6-5 мм,от пониж.170В, 5.2кВт,гор.старт,диспл)",7625,7125,2,6.6,0.023,6971810441045
315,,PMI250-D,"Сварочный инвертор PMI250-D IGBT  P.I.T.(250 А,ПВ-60,1,6-4 мм,от пониженного 170,гор.старт,дисплей)",6130,5725,2,5.2,0.018,6971810441038
316,,PMI250-C,"Сварочный инвертор PMI250-C IGBT (250 А,ПВ-45,1,6-4 мм,6,8квт, от пон нап. 190,гор старт) P.I.T.",9765,9125,0,6,0.026,6926619727432
317,,PMI220-C1,"Сварочный инвертор PMI220-C1 IGBT (220 А,ПВ-60,1,6-3.2 мм,5,8квт, от пон нап. 190,гор старт) P.I.T.",8835,8255,0,5.5,0.02,6926619727425
318,,PMI220-C,"Сварочный инвертор PMI220-C IGBT (220 А,ПВ-30,1,6-3.2 мм,5,8квт, от пониж нап. 190,гор старт) P.I.T.",6555,6125,2,4,0.017,6926619727418
319,,PMI180-C,"Сварочный инвертор PMI180-C IGBT (180 А,ПВ-60,1,6-3.2 мм,4,8квт, от пониж нап. 190,гор старт) P.I.T.",5455,5095,3,4.3,0.012,6926619727401
320,,PMI140-C,"Сварочный инвертор PMI140-C IGBT (140 А,ПВ-60,1,6-3.2 мм,4квт, от пониж напряж 190,гор старт) P.I.T.",5250,4905,4,3.25,0.009,6926619727395
321,,,Полуавтоматы сварочные,,,,,,
322,,PMIG220-C,"Сварочный полуавтомат PMIG220-C (220А,ПВ-60,MMA 2,5-5мм, 6,5кВт, MIG 0,6-0,8мм,5,9кВт)",26225,24505,0,15.48,0.062,6971810441076
323,,PMIG205-C,"Сварочный полуавтомат PMIG205-С (205А,ПВ-60,MMA 2,5-5мм, 6,8кВт; MIG 0,6-0,8мм, 5,4кВт)",19545,18265,0,13.76,0.062,6971810442219
324,,PMIG165-C,"Сварочный полуавтомат PMIG165-С (165А,ПВ-60,MMA 2,5-5мм, 5,2кВт; MIG 0,6-0,8мм, 4,3кВт)",14930,13950,0,10.58,0.057,6971810442202
325,,PMAG200-C,"Сварочный полуавтомат PMAG200-С (200А,ПВ-60,MMA 1,6-4.0мм, 5.8кВт, MIG 0,8-1.0мм, TIG 1.2-1.6-2.0мм)",22335,20870,0,13.5,0.058,6926619727487
326,,PMIG220-C1,"Сварочный полуавтомат PMIG220-С1 (220А,ПВ-60,MMA 1,6-5мм, 7,5кВт, MIG 0,8-1,0мм,)",26545,24805,0,13.5,0.058,6926619727470
327,,PMIG205-C1,"Сварочный полуавтомат PMIG205-С1 (205А,ПВ-60,MMA 1,6-4мм, 5,8кВт, MIG 0,8-1,0мм,)",23625,22075,0,11,0.058,6926619727463
328,,PMIG165-C1,"Сварочный полуавтомат PMIG165-С1 (165А,ПВ-60,MMA 1,6-4мм, 4,8кВт, MIG 0,8-1,0мм,)",18515,17300,0,12.04,0.058,6926619727456
329,,PMIG145-C1,"Сварочный полуавтомат PMIG145-С1 (145А,ПВ-60,MMA 1,6-4мм, 4,0кВт, MIG 0,8-1,0мм,)",15185,14190,0,8.88,0.038,6926619727449
330,,,Плазморезы,,,,,,
331,,PCUT40-C,"Плазморез PCUT40-C (40А,макс толщ10мм,6,2кВт, контакт поджиг, раб давл0,4-0,6МПа)",23355,21825,0,11.5,0.042,6926619727494
332,,,Аппараты аргонодуговой сварки,,,,,,
333,,PTIG200-C,"Аппарат аргонодуговой сварки PTIG200-C (200 А,ПВ-45, MMA 1,6-4 мм,4.2квт, TIG 1.2-1.6-2.0) P.I.T.",18240,17045,0,9.08,0.043,6926619727500
334,,,Сварка пластиковых труб,,,,,,
335,,PWM43-C1,"Паяльник эл. для пл/труб  PWM43-C1 МАСТЕР (1,2кВт,t0-300°,нас.20,25,32,40мм,отв,кл,мет.кейс,стойка)",1745,1630,5,2.1,0.006,6971810440987
336,,PWM32-D,"Паяльник эл. для пл/труб  PWM32-D МАСТЕР (800Вт, насадки 20, 25, 32, кейс, подставка, отвертка)",1255,1170,10,1.44,0.005,6971810441410
337,,PWM63-C,"Паяльник эл. для пл/труб  PWM63-C МАСТЕР(2кВт,нас.20,25,32,40,50,63мм,перч,рул,ножн,отв,кл,мет.к-с)",4075,3805,3,4.78,0.013,6971810440994
338,,,Зарядные и пусковые устройства,,,,,,
339,,,ЗУ/ПЗУ трансформаторного типа,,,,,,
340,,PZU50-C1,"Пуско-зарядное устройство PZU50-C1 МАСТЕР (12/24Вток.зар20/30А m ток45А ток130А,950Вт/6,4кВт)P.I.T.",7420,6930,1,10.4,0.018,6971810442462
341,,PZU450-C,"Пуско-зарядное устройство PZU450-C МАСТЕР (12/24В ток зар40/50,mах ток300А мощн1,5кВт/10кВт) P.I.T.",13090,12230,1,15.4,0.065,6971810442479
342,,PZU650-C,"Пуско-зарядное устройство PZU650-C МАСТЕР (12/24В,ток зар60/70, ток100, ток480А,2,2кВт/12кВт)P.I.T.",17305,16170,1,24.7,0.058,6971810442486
343,,PZU20-C1,"Зарядное устройство PZU20-C1 МАСТЕР (12/24В,ток зар.8/12А,mах ток20А,450Вт,емк.акк от75-120) P.I.T.",4415,4125,1,5.66,0.011,6971810442431
344,,PZU40-C1,"Пуско-зарядное устройство PZU40-C1МАСТЕР(12/24В,ток зар18/25А, ток38А,мощ850Вт/5кВт п.ток120) P.I.T.",6990,6530,1,9.78,0.02,6971810442455
345,,PZU30-C1,"Зарядное устройство PZU30-C1МАСТЕР (12/24В,ток зар15/20А,mах ток27А,700Вт,емк.акк от120-270)P.I.T.",5935,5545,1,7.6,0.015,6971810442448
346,,PZU10-C1,"Зарядное устройство PZU10-C1МАСТЕР (6/12В,ток зар.5/8,mах ток10А,.250Вт,емк.зар.акк до 75А/ч) P.I.T.",4235,3955,1,5.36,0.011,6971810442424
347,,,ЗУ/ПЗУ инверторного типа,,,,,,
348,,PZU10-C2,"Зарядное устройство инверторное PZU10-C2 МАСТЕР (230В-50 Гц,12/24 В,6-100Ач,180Вт,дисп.)P.I.T.(8шт)",2655,2480,8,1.38,0.006,6971810442301
349,,PZU4-C,"Зарядное устройство PZU4-C (220-240В, 50 Гц,6/12 В, 2-120Ач, макс.ток 4А, дисп.)",0,0,0,0,0,
350,,,Станки,,,,,,
351,,,"Станки для заточки сверл, ножей, ножниц",,,,,,
352,,PMTS1003-C,"Станок для заточки сверл, ножей, ножниц  PMTS1003-C (65Вт,сверл Ø 3-13мм, ножи 6-51мм, 6700об/мин, )",3025,2825,4,1.58,0.006,6971810441281
353,,,Станки для заточки цепи,,,,,,
354,,PCSS1002-C,"Станок для заточки цепи PCSS1002-C (220Вт, 7500об/мин, 100х10х3,2мм)",3500,3270,6,2.04,0.009,6971810441298
355,,PCSS1001-C,"Станок для заточки цепи PCSS1001-C (85Вт, 5500об/мин, 108х23х3,2мм)",3715,3470,4,2.44,0.009,6971810441304
356,,,Станки точильные,,,,,,
357,,PBG200-C1,"Станок точильный PBG200-C1 МАСТЕР (Ø200*12,7*20, 500Вт. 2950 об/мин) ",6025,5630,2,9.34,0.026,6971810441502
358,,PBG150-C1,"Станок точильный PBG150-C1 МАСТЕР (Ø150*12.7*20, 300Вт. 2950 об.мин.) ",4660,4355,2,7.16,0.019,6971810441496
359,,PBG125-C1,"Станок точильный PBG125-C1 МАСТЕР (Ø125*12,7*16, 200Вт. 2950 об.мин.) ",3710,3465,4,4.88,0.011,6971810441489
360,,PBG75-C,"Станок точильный PBG75-C МАСТЕР (Ø75*20*10мм, 160 Вт, 0-11000 об/мин, гибкий вал-гравер)",5005,4675,4,3.5,0.009,6971810440864
361,,,Степлер,,,,,,
362,,PST6001-C,"Степлер электрический PST6001-C (ск-ть 20шт/м, маг.100шт, скобы18ga,дл.15-25мм, гвозд18ga,дл15-32мм)",5105,4770,5,2.9,0.009,6971810441335
363,,,Насосы,,,,,,
364,,,Насосы скважинные,,,,,,
365,,PSW750-T1,"Насос скважинный PSW750-T1 (900Вт, напор 130м, произ-ть 33л/мин, нерж, терм.защ, винтовой)",7905,7385,0,12.94,0.011,6926619727692
366,,PSW750-T,"Насос скважинный PSW750-T (750Вт, напор 100м, произ-ть 30л/мин, нерж, терм.защ, винтовой)",7905,7385,0,12.8,0.011,6926619727685
367,,PSW550-T,"Насос скважинный PSW550-T (550Вт, напор 80м, произ-ть 23л/мин, нерж, терм.защ, винтовой)",7155,6685,0,8,0.009,6926619727678
368,,PSW370-T,"Насос скважинный PSW370-T (370Вт, напор 70м, произ-ть 16л/мин, нерж, терм.защ, винтовой)",6695,6255,0,8,0.009,6926619727661
369,,,Станции насосные,,,,,,
370,,POG1100-P2,"Станция насосная POG1100-P2 (1100Вт, напор 50м, бак 24л, произв-ть 46л/мин,чугун)",11115,10385,0,18.58,0.08,6926619727654
371,,POG1100-P1,"Станция насосная POG1100-P1 (1100Вт, напор 45м, бак 24л, произв-ть 63л/мин,удар. пласт)",14490,13540,0,12.5,0.111,6926619727838
372,,POG900-P1,"Станция насосная POG900-P1 (900Вт, напор 50м, бак 24л, произв-ть 50л/мин, чугун)",10700,10000,0,18.04,0.081,6926619727647
373,,POG900-P2,"Станция насосная POG900-P2 (800Вт, напор 38м, бак 19л, произв-ть 58л/мин,удар. пласт)",10135,9470,0,11,0.074,6926619727814
374,,POG750-P,"Станция насосная POG750-P (750Вт, напор 45м, бак 24л, произв-ть 46л/мин, чугун)",10710,10005,0,17.44,0.081,6926619727630
375,,POG370-P1,"Станция насосная POG370-P1 (370Вт, напор 30м, бак 2л, произв-ть 33л/мин,реле давления)",4715,4405,0,7.42,0.021,6926619727715
376,,,Насосы циркуляционные,,,,,,
377,,POG25-S,"Насос циркуляционный POG25-S (93Вт, напор 6м, произв-ть 58л/мин, Ø отверстия 25мм)",2665,2490,8,2.7,0.004,6926619727586
378,,POG32-S,"Насос циркуляционный POG32-S (93Вт, напор 6м, произв-ть 58л/мин, Ø отверстия 32мм)",2790,2605,8,3.04,0.004,6926619727593
379,,,Насосы центробежные,,,,,,
380,,POG750-P4,"Насос центробежный POG750-P4 (750Вт, напор 45м, производ-ть 66л/мин, металл. насос. часть)",0,0,0,0,0,
381,,POG1100-P3,"Насос центробежный POG1100-P3 (1100Вт, напор 40м, производ-ть 133л/мин, металл. насос. часть)",0,0,0,0,0,
382,,POG750-P3,"Насос центробежный POG750-P3 (750Вт, напор 35м, производ-ть 103л/мин, металл. насос. часть)",0,0,0,0,0,
383,,POG750-P1,"Насос центробежный POG750-P1 (750Вт, напор 58м, производ-ть 58л/мин, металл. насос. часть)",0,0,0,0,0,
384,,POG370-P4,"Насос центробежный POG370-P4 (370Вт, напор 23м, производ-ть 91л/мин, металл. насос. часть)",0,0,0,0,0,
385,,POG370-P2,"Насос центробежный POG370-P2 (370Вт, напор 35м, производ-ть 33л/мин, металл. насос. часть)",0,0,0,0,0,
386,,POG370-P,"Насос центробежный POG370-P (370Вт, напор 30м, производ-ть 30л/мин, металл. насос. часть)",3150,2940,4,4.18,0.006,6926619727579
387,,,Насосы фекальные,,,,,,
388,,PSW750-W,"Насос фекальный PSW750-W (750Вт, напор 16м, произ-ть 166л/мин, чугун, поплав. выкл.)",8265,7720,0,14.54,0.03,
389,,PSW1100-W2,"Насос фекальный PSW1100-W2 (1100Вт, с ножом, напор 20м, произ-ть 250л/мин, чугун, поплав. выкл.)",10060,9400,0,16.5,0.03,6926619727623
390,,PSW900-W3,"Насос фекальный PSW900-W3 (900Вт, напор 18м, произв-ть 200л/мин, чугун, поплав. выкл.)",8455,7900,0,15,0.029,6926619727616
391,,,Насосы садовые,,,,,,
392,,POG1000-P,"Насос садовый POG1000-P (1100Вт, напор 40м, всасывание 8м, производ-ть 58л/мин, нерж)",7565,7070,0,8,0.022,6926619727845
393,,POG1100-P,"Насос садовый POG1100-P (1100Вт, напор 45м, всасывание 8м, производ-ть 63л/мин, нерж)",8940,8355,0,9.5,0.041,6926619727821
394,,POG800-P,"Насос садовый POG800-P (800Вт, напор 38м, производ-ть 58л/мин, корпус удар. пластик)",6380,5960,0,7,0.019,6926619727807
395,,,Насосы дренажные,,,,,,
396,,PSW550-C2,"Насос дренажный PSW550-C2 (550Вт, чист вода, напор 15м, производ 300л/мин, корпус нерж сталь)",0,0,0,0,0,
397,,PSW1100-W1,"Насос дренажный PSW1100-W1 (1100Вт, гряз вода, напор 12м, производ 300л/мин, корпус ударпластик)",5875,5490,4,6.24,0.016,6926619727951
398,,PSW900-W1,"Насос дренажный PSW900-W1 (900Вт, гряз вода, напор 10м, произ 250л/мин, корпус удар пластик)",5755,5375,4,5.72,0.015,6926619727944
399,,PSW550-W,"Насос дренажный PSW550-W (550Вт, грязн вода, напор 9м, производ 150л/мин, корпус удар пластик)",4840,4520,4,4.4,0.013,6926619727937
400,,PSW1100-W,"Насос дренажный PSW1100-W (1100Вт, гряз вода, напор 12м, производ 300л/мин, корпус ударпластик)",5105,4770,4,5.46,0.013,6926619727890
401,,PSW900-W,"Насос дренажный PSW900-W (900Вт, гряз вода, напор 10м, произ 250л/мин, корпус удар пластик)",4880,4560,0,5.14,0.013,6926619727883
402,,PSW400-W,"Насос дренажный PSW400-W (400Вт, гряз вода, напор 7м, производ 133л/мин, корпус удар пластик)",3815,3565,4,4.38,0.013,6926619727876
403,,PSW600-C,"Насос дренажный PSW600-C (750Вт, чист вода, напор 9,5м, производ 158л/мин, корпус нерж сталь)",6435,6010,4,5.54,0.012,6926619727913
404,,PSW550-C1,"Насос дренажный PSW550-C1 (550Вт, чист вода, напор 9м, производ 150л/мин, корпус нерж сталь)",5885,5500,4,4.8,0.012,6926619727906
405,,PSW550-C,"Насос дренажный PSW550-C (550Вт, чист вода, напор 9м, производ 150л/мин, корпус удар пластик)",4710,4400,4,4.44,0.013,6926619727920
406,,PSW400-C1,"Насос дренажный PSW400-C1 (400Вт, чист вода, напор 7м, производ 133л/мин, корпус удар пластик)",4450,4155,4,4.26,0.013,6926619727852
407,,PSW400-C,"Насос дренажный PSW400-C (400Вт, чист вода, напор 11м, производ 100л/мин, корпус удар пластик)",5400,5045,4,4.94,0.015,6926619727869
408,,PSW900-W2,"Насос дренажный PSW900-W2 (900Вт, гряз. вода, напор 9м, нерж. корпус, производ 250л/мин)",7220,6745,4,5.52,0.013,6926619727739
409,,,Насосы вибрационные,,,,,,
410,,PSW300-D1,"Насос вибрационный PSW300-D1 (300Вт, напор 80м, пр-ть 20л/мин,ниж.заб,термозащита)",2870,2680,6,3.56,0.005,6926619727722
411,,PSW300-D,"Насос вибрационный PSW300-D (300Вт, напор 60м, произ-ть 20л/мин, верх.заб, термозащита)",2745,2565,6,3.5,0.005,6926619727708
412,,,Блоки автоматики,,,,,,
413,,PHC10-C1,"Блок автоматики PHC10-C1 (1100Вт, пусковое давление 1-1.3 бар, максимальное давление 10 бар)",2390,2230,12,0.92,0.003,6926619712247
414,,PHC10-C,"Блок автоматики PHC10-C (1100Вт, пусковое давление 1-1.3 бар, максимальное давление 10 бар)",2620,2445,6,1.5,0.006,6926619712230
415,,,Стойки,,,,,,
416,,P0010006,Стойка для рубанка Р0010006 (универсальная),925,860,10,1.58,0.005,6971810442295
417,,P0010007,"Стойка для УШМ  P0010007 (диаметр круга 180-230мм, угловые тиски 45 град, литое основание)",3390,3165,4,6.12,0.013,6971810443216
418,,P0010004,"Стойка для УШМ (100-150) P0010004 (диаметр круга 100-150мм, угловые тиски 45 град, литое основание)",2650,2475,6,3.1,0.009,6971810442127
419,,P0010003,"Стойка для УШМ (115-125) P0010003 (диаметр круга 115-125мм, угловые тиски 45 град, литое основание)",2035,1900,8,2.76,0.005,6971810442110
420,,P0010002,"Стойка для дрели P0010002 (диаметр крепления 40мм, рег-ка угла и гл.сверления, фикс.глуб.сверления)",1055,985,20,1.14,0.003,6971810442103
421,,P0010001,"Стойка для дрели P0010001 (диаметр креп-я 50мм,гл.сверления 60мм,огр-е гл.сверления,литое основание)",1985,1855,8,3.24,0.011,6971810442097
422,,,Аккумуляторный инструмент,,,,,,
423,,PEC3.6P-7A,"Аккумуляторный клеевой пистолет PEC3.6P-7A (3,6В, 1,5Ач, Ø стержня 7мм, произв-ть 120г/час)",0,0,0,0,0,
424,,,Фрезеры,,,,,,
425,,PER12-C,"Фрезер электрический PER12-C МАСТЕР (2100Вт, рег-ка 6000-22000об/мин, цанга 8, 12мм, пл пуск)2шт",8450,7895,2,6.26,0.016,6971810440970
426,,PER8-C,"Фрезер электрический PER8-C МАСТЕР (1400Вт, рег-ка 16000-30000об/мин, цанга 6, 8мм)4шт",5635,5265,4,4.06,0.009,6971810440963
427,,,Шлифовальные машины,,,,,,
428,,,Машина ленточная,,,,,,
429,,PBS75-C1,"Шлифмашина ленточная PBS75-C1 МАСТЕР (900 Вт, 533*76 мм, рег-ка оборотов от 200-380  ) P.I.T. (6шт)",5910,5520,4,3.6,0.011,6971810444893
430,,,Машина полировальная,,,,,,
431,,PPO125-C1,Шлифмашина полировочная PPO125-C1 (125мм.1200Вт.3000-11000об.мин.) P.I.T,4640,4335,4,2.78,0.006,6971810444367
432,,PPO180-C1,"Шлифмашина полировочная PPO180-C1 (1.4кВт,600-3500 об/мин,180мм,подошунив.,шерст.колпак.круг наждач)",6810,6360,4,3.72,0.01,6926619712261
433,,,Машина плоскошлифовальная,,,,,,
434,,PSP400-C,"Шлифмашина вибрационная PSP400-C МАСТЕР P.I.T. (400Вт, подошва 230*115мм) 8шт",3500,3270,8,2.66,0.009,6971810440857
435,,PSP300-C,"Шлифмашина вибрационная PSP300-C МАСТЕР P.I.T. (300Вт, подошва 187*90мм) 8шт",3550,3315,8,1.92,0.006,6971810440840
436,,PSP100-C1,"Вибрационная шлифмашина PSP100-C1 (300 Вт, подошва 100х110 мм, 13500 ход/мин)",3235,3020,0,0,0,
437,,PSP100-C,"Вибрационная шлифмашина PSP100-C (240 Вт, подошва 100х110 мм, 14000 ход/мин)",2545,2375,0,0,0,
438,,PSP400-C1,"Шлифмашина вибрационная PSP400-C1 (400Вт, подошва 230*115мм, 6000-11000 ход/мин)",4535,4235,6,2.72,0.008,6926619723793
439,,,Машина эксцентриковая,,,,,,
440,,PDS125-C,"Шлифмашина эксцентриковая PDS125-C МАСТЕР P.I.T. (500Вт, 125мм подошва, 6000-12000 об/мин) 8шт",4115,3845,8,2.14,0.007,6971810440833
441,,PDS150-C,"Шлифмашина эксцентриковая PDS150-C (500Вт, 150мм подошва, 6000-12000 об/мин)",4350,4065,8,2.22,0.008,6926619700060
442,,,Шлифмашина угловая,,,,,,
443,,PWS230-D2,"Шлифмашина угловая PWS230-D2 СТАНДАРТ (230мм, 2,3кВт, плавный пуск, поворотная ручка)",6165,5760,2,5.2,0.011,6971810441786
444,,PWS115-C,"Шлифмашина угловая PWS115-C (115мм. 800вт.11000об/мин, съемная вентрешетка) P.I.T",2875,2685,6,2.1,0.004,6971810443919
445,,PWS125-C4,Шлифмашина угловая PWS125-C4 (125мм. 850вт.11000об.мин. съемная вентрешетка) P.I.T,2805,2620,6,2.12,0.004,6971810443926
446,,PWS125-C5,Шлифмашина угловая PWS125-C5 (125мм. 1000вт.11000об.мин. съемная вентрешетка) P.I.T,2900,2710,6,2.24,0.004,6971810443971
447,,PWS125-C7,"Шлифмашина угловая PWS125-C7 МАСТЕР (125мм, 1200вт, 11000об/мин, длин. рукоят.)",3960,3700,4,2.62,0.005,6971810444350
448,,PWS125-C6,"Шлифмашина угловая PWS125-C6 МАСТЕР (125мм,1050вт, 3000-11000об/мин, съем вентрешетка, рег оборот.)",3145,2935,6,2.24,0.004,6971810443988
449,,PWS150-C1,"Шлифмашина угловая PWS150-C1 (150мм, 1260Вт, 3000-9000 об/мин)",4485,4190,4,2.8,0.005,6971810444381
450,,PWS230-C4,"Шлифмашина угловая PWS230-C4 (230мм, 2,5кВт, плавный пуск, поворотная ручка)",7990,7465,2,5.54,0.011,6926619723786
451,,PWS230-C3,"Шлифмашина угловая PWS230-C3 (230мм, 2,4кВт, плавный пуск, поворотная ручка)",7255,6780,2,5.32,0.011,6926619723779
452,,PWS180-C1,"Шлифмашина угловая PWS180-C1 (180мм, 1700Вт, 8500об/мин, поворот рукоятка)",5800,5420,4,4.1,0.008,6926619712254
453,,,Машина многофункциональная,,,,,,
454,,PMT350-C1,"Многофункциональная машина PMT350-C1 (350Вт, угол колебаний 3,5,15000-22000 кол/мин, пильные пол-на)",3315,3095,6,1.64,0.003,6971810445005
455,,,Шлифмашина щеточная,,,,,,
456,,PLM.RB12010019P80,"Щетка валик Д120*100*19, ворс полимер абразив Р80, совместима с PWP120-C, PWP120-C1",2370,2212,0,0.4,0.002,
457,,PLM.RB12010019BS015,"Щетка валик Д120*100*19, ворс гофр латунир-я сталь 0,15, совместима с PWP120-C, PWP120-C1",4150,3877,0,1.31,0.002,4603809500700
458,,,Щетки для брашировальных машин,,,,,,
459,,PWP120-C1,"Щеточная шлифмашина PWP120-C1 (120х100мм,1500Вт, 600-3000об/мин, нейл.щетка, повор рук, дв. пылезащ)",8675,8105,4,5.32,0.013,6926619712278
460,,PWP120-C,"Щеточная шлифмашина PWP120-C (120х100мм, 1400Вт, 700-4200об/мин, нейлон щетка, двойн пылезащ) P.I.T",6745,6300,4,4.44,0.013,6971810444923
461,,,Штроборез,,,,,,
462,,PWC150-C,"Штроборез PWC150-C (150мм, 1700Вт, 8000об/мин, глубина штроб. 35мм, ширина штроб. 30мм) P.I.T.",9975,9320,4,5.44,0.012,6926619712735
463,,PWC125-C,"Штроборез PWC125-C (125мм, 1400Вт, 3000-9000об/мин, глубина штроб. 30мм, ширина штроб. 30мм) P.I.T",7965,7440,2,4.3,0.011,6971810444800
464,,,Шлифмашина по бетону,,,,,,
465,,PWG125-C,"Шлифмашина по бетону PWG125-C (125мм, 1400Вт, 3000-9000об/мин) P.I.T",7455,6965,4,3.46,0.009,6971810444565
466,,,Садовая техника MAXPILER,,,,,,
467,,,Газонокосилки бензиновые,,,,,,
468,,MLM-41M,"Газонокосилка бензиновая MLM-41M (4 л.с, диам. кош 410мм,высот кош 25-75мм,45л)",17975,16795,1,22.38,0.16,4673728734289
469,,MLM-41S,"Газонокосилка бензиновая MLM-41S (самоход.4 л.с, диам. кош 410мм,высот кош 25-75мм,45л)",20470,19130,1,24.94,0.163,4673728734296
470,,MLM-51S,"Газонокосилка бензиновая MLM-51S (самоход.5,5 л.с, диам. кош 510мм,высот кош 30-80мм,70л)",26300,24575,0,33.76,0.26,4673728734302
471,,MLM-51SE,"Газонокосилка бензиновая MLM-51SE (эл.старт, самоход,5,5 л.с, диам. кош 510мм,высот кош 30-80мм,70л)",38210,35710,0,36.68,0.282,4673728734319
472,,,Бензопилы цепные,,,,,,
473,,MGS-5218,"Бензопила MGS-5218 (450мм/18"", 2,2кВт/3л.с, 52 см³.,хром.цил.,легк старт,маслонаc.)",6310,5895,0,7,0.041,4659920300798
474,,MGS-4516,"Бензопила MGS-4516 (400мм/16"", 2кВт/2,7л.с, 45 см³.,хром.цил.,легк старт,маслонаc.)",6210,5800,0,6.8,0.041,4659920300781
475,,,Электротриммеры,,,,,,
476,,MET-350,"Электротриммер MET-350 (350Вт, диаметр скоса 220 мм, 11000 об/мин)",2130,1990,0,1.7,0.006,4673728733770
477,,MET-600,"Электротриммер MET-600 (600Вт, диаметр скоса 300 мм, D-об. рукоятка, телескоп. штанга, 10000 об/мин)",4295,4010,0,3.48,0.023,4673728733787
478,,MET-450,"Электротриммер MET-450 (450Вт, диаметр скоса 250 мм, рег. рукоятка, телескоп. штанга, 10000 об/мин)",2970,2775,0,2.48,0.02,4673728733428
479,,MET-2000B,"Электротриммер MET-2000B (2000Вт, диаметр скоса 380 мм, D-образ. рукоятка, разъем штанга, нож+леска)",6145,5740,0,5.8,0.025,4673728733800
480,,MET-2000A,"Электротриммер MET-2000A (2000Вт, скос 380 мм, плав пуск,велосип рукоятка, разъем штанга, нож+леска)",6870,6420,0,5.84,0.024,4673728730427
481,,MET-2000,"Электротриммер MET-2000 (2000Вт, диаметр скоса 380 мм, D-образ. рукоятка, разъем штанга, нож+леска)",6945,6490,0,5.84,0.024,4659920300804
482,,,Бензотриммеры,,,,,,
483,,MGT-56B,"Бензотриммер MGT-56B (3,2л.с,56см³, 2-такт, расшир компл диск40+4-зуб, щиток, ранц.рем, нераз штанг)",9210,8605,0,8.2,0.027,4673728733398
484,,MGT-52B,"Бензотриммер MGT-52B (2,3л.с,52см³, 2-такт, расшир компл диск40+3-зуб, очки, ранц.рем, нераз штанга)",8670,8100,0,7.68,0.026,4673728733404
485,,MGT-56A,"Бензотриммер MGT-56A (3,2л.с,56см³, 2-такт, расшир компл диск40+4-зуб, щиток, ранц.рем, нераз штанг)",9145,8545,0,8.2,0.027,4655299891356
486,,MGT-52A,"Бензотриммер MGT-52A (2,3л.с,52см³, 2-такт, расшир компл диск40+3-зуб, очки, ранц.рем, нераз штанга)",8575,8010,0,7.68,0.026,4655299891349
487,,MGT-56,"Бензотриммер MGT-56 (3,2л.с,56 см³, 2-такт, диск 40-зуб, ранцевый ремень, неразъемная штанга)",6870,6420,0,8.2,0.027,4659920300835
488,,MGT-52,"Бензотриммер MGT-52 (2,3л.с,52 см³, 2-такт, диск 3-зуб, наплеч. ремень,неразъемн. штанга)",6250,5840,0,7.68,0.026,4659920300828
489,,MGT-38-4T,"Бензотриммер MGT-38-4T (1,7л.с,38 см³, 4-такт, диск 40-зуб, ранцевый ремень)",10695,9995,0,10.6,0.024,4659920300811
490,,MCT20-250,"Триммер аккумуляторный MCT20-250 (20В, Ø скоса 250 мм, телескоп. леска 1,2мм, 1 АКБ 2Ач, ЗУ)",5985,5590,0,3.08,0.017,4673728733411
491,,,Генераторы MAXPILER,,,,,,
492,,MGH-01,"Комплект колес и рукоятки для генераторов MGH-01 (подходMPG-3000A, MPG-3000C, MPG-5500C, MPG-6500СE)",2370,2211,0,0,0,
493,,MPG-6500CE,"Генератор бензиновый MPG-6500CE (6,5/6кВт,13л.с., медь,розет2*220В и12В, цифр дисп,AVR,электростарт)",58590,54755,0,0,0,
494,,MPG-5500C,"Генератор бензиновый MPG-5500C (5,5/5кВт,13л.с., медь,розет2*220В и12В, цифр дисп, AVR,защ перегруз)",43410,40570,0,0,0,
495,,MPG-3000C,"Генератор бензиновый MPG-3000C (3/2,8кВт,7л.с., медь,розет2*220В и12В, цифр дисп, AVR,защ перегруз)",24265,22675,0,0,0,
496,,MPG-3000A,"Генератор бензиновый MPG-3000A (3/2,8кВт,7л.с., алюм,розет2*220В и12В, цифр дисп, AVR,защ перегруз)",20775,19415,0,0,0,
497,,,Уровни лазерные MAXPILER,,,,,,
498,,MT-0115,"Штатив для лазерного уровня MT-0115 (высота 0,45-1,5м, элевационный, резьба 5/8"", мет.ножки)",0,0,0,0,0,
499,,MLL-0330G,"Уровень лазерный MLL-0330G (раб. диап.30м, зел.лазер, 2 луча, фикс.,зарядка type-c)",0,0,0,0,0,
500,,MT-0112,"Штатив для лазерного уровня MT-0112 (высота 0,45-1,2м, элевационный, резьба 5/8"", мет.ножки)",620,575,0,0.7,0,4673728732469
501,,MLL-0225G,"Уровень лазерный MLL-0225G (раб. диап.25м, зел.лазер,360°,16 лучей, фикс., резьба под штат, li-ion)",6870,6420,0,1.73,0.008,4673728732100
502,,MLL-0125G,"Уровень лазерный MLL-0125G (раб. диап.25м, зел.лазер, 2 луча, фикс., резьба под штатив,3х1.5В (ААА))",2345,2190,0,0.34,0.001,4673728732087
503,,MLL-0115R,"Уровень лазерный MLL-0115R (раб. диап.15м, кр.лазер,2 луча, фикс., резьба под штатив,3х1.5В (ААА))",2085,1945,0,0.34,0.001,4673728732094
504,,,Станки для заточки цепей,,,,,,
505,,MCG-1108,"Станок для заточки цепи MCG-1108 (85Вт, 5500об/мин, 108х22х3,2мм)",3165,2955,8,2.24,0.009,4673728730458
506,,,Аппараты для сварки полипропиленовых труб MAXPILER,,,,,,
507,,MPS-1642,"Ножницы для резки труб MPS-1642 (Ø трубы 16-42 мм, стальные лезвия, фиксатор ручек)",265,245,60,0.22,0.001,4673728730243
508,,MPW-0632,"Аппарат для сварки труб ПВХ MPW-0632 (600 Вт, 0-300°С, насадки 20,25,32 мм, мет.кейс)",1140,1065,10,1.32,0.005,4673728730229
509,,MPW-0832A,"Аппарат для сварки труб ПВХ MPW-0832A (800 Вт, 0-300°С, насадки 20,25,32 мм, мет.кейс,ЖК-дисплей)",1790,1670,10,1.64,0.006,4673728730205
510,,MPW-2063,"Аппарат для сварки труб ПВХ MPW-2063 (2000 Вт, 0-300°С, насадки 20,25,32,40,50,63мм,мет.кейс,стойка)",3745,3500,5,4.14,0.013,4651150300074
511,,MPW-0832,"Аппарат для сварки труб ПВХ MPW-0832 (1200 Вт, 300°С, насадки 20,25,32 мм, мет.кейс,стойка)",1710,1595,10,1.76,0.007,4651150300067
512,,,Насосное оборудование MAXPILER,,,,,,
513,,MJP-370,"Станция насосная MJP-370 (370Вт, напор 30м, бак 2л, произв-ть 33л/мин,реле давления)",0,0,0,0,0,
514,,,Снегоуборочная техника MAXPILER,,,,,,
515,,MSTE-1200,"Снегоуборщик электрический MAXPILER MSTE-1200 (1200 Вт, высота 15см, ширина 28см)",0,0,0,0,0,
516,,MCST20-250,"Снегоуборщик аккумуляторный MAXPILER MCST20-250 (20В, высота 16см, ширина 25 см, АКБ 4Ач)",0,0,0,0,0,
517,,MST-3000,"Снегоуборщик MAXPILER MST-3000 (7л.с,196см3, бак3.6л,ш53см, в30см) ",38005,35515,0,46,0.223,4673728732018
518,,MSTE-2000,"Снегоуборщик электрический MAXPILER MSTE-2000 (2000 Вт, ш46см, в20см, фара) ",18175,16985,0,0,0,4673728732025
519,,MST-5250B,"Снегоуборщик MAXPILER MST-5250B (гусеницы,13л.с LONCIN,скор 6в/2н,ш61см, запуск от сети 220В,фара)",132670,123990,0,96,0.471,4673728732001
520,,MST-4850C,"Снегоуборщик MAXPILER MST-4850C (7л.с,скор-ти 6в/2н,ш61см,в51см,запуск от сети 220,фара)",69930,65355,0,78,0.373,4673728731998
521,,MST-4850B,"Снегоуборщик MAXPILER MST-4850B (7л.с,ск-ти 6в/2н,ш61см,в51см,руч и эл. стартер АКБ12в,фара)",71055,66405,0,79,0.373,4673728731981
522,,MST-4850,"Снегоуборщик MAXPILER MST-4850 (7л.с,196см3, бак3.6л, скор-ти 6в/2н,ш61см, в51см)",62060,58000,0,75,0.373,4673728731974
523,,MST-4050B,"Снегоуборщик MAXPILER MST-4050B (7л.с,ск 4в/1н,ш61см,в51см,руч и эл. стар АКБ12в,безвоз колесо,фара)",57115,53375,0,73,0.313,4673728731967
524,,MST-4050,"Снегоуборщик MAXPILER MST-4050 (7л.с,196см3, бак3.6л, скор-ти 4в/1н,ш53см, в51см) ",46995,43920,0,67,0.28,4673728731950
525,,,Электрические нагреватели MAXPILER,,,,,,
526,,MEH-3001,"Электрический нагреватель MAXPILER MEH-3001 (1,5/3кВт, произв 220м³/ч, обогр,30м², керам нагр,защит)",3315,3095,0,2.18,0.011,4673728731905
527,,MEH-2001,"Электрический нагреватель MAXPILER MEH-2001 (1/2кВт, произв 180м³/ч, площ обогр, 20м², керам нагр)",2015,1880,8,1.6,0.007,4673728731899
528,,MEH-3000,"Электрический нагреватель MAXPILER MEH-3000 (2/3кВт, произв. 210м³/ч, обогр 30м², керам нагр,защита)",3730,3485,0,1.94,0.016,4673728731882
529,,MEH-2000,"Электрический нагреватель MAXPILER MEH-2000 (1/2кВт, произв 139м³/ч, площ обогр, 20м², керам нагр)",2245,2095,0,1.8,0.014,4673728731875
530,,MEH-3002,"Электрический нагреватель MAXPILER MEH-3002 (1,5/3кВт, произв 280м³/ч,обогр, 30м², керам нагр,защит)",3785,3535,0,3.14,0.019,4673728731943
531,,MEH-2002,"Электрический нагреватель MAXPILER MEH-2002 (1/2кВт, произв 197м³/ч, площ обогр, 20м², керам нагр)",2215,2070,8,1.72,0.008,4673728731929
